t_start,phi,,,,,
0,1.4914407318477944e-8
162.5,9.209511129767475e-11
666.5,4.28254103565e-10
907.0,1.1296329738793916e-9
1195.0,2.01289564822654e-10
1411.0