time,X
219.0,112615.13099041532
234.5,108157.19725818736
258.5,168355.01813784766
330.5,2.4215840386940753e6
354.5,5.15403036437247e6
