time,X
0.0,579776.267281106
18.5,394523.43387470994
42.5,382311.9601775865
66.5,87248.13559322034
90.5,5228.213820078227
