time,X
0.0,1.1245963997695853e6
18.5,1.379182366589327e6
42.5,3.4594411408583345e6
66.5,6.183567926988266e6
90.5,1.4730585136897003e7
162.5,3.78232789192232e7
