time,X
0.0,1.1759145449308755e6
18.5,1.4960510440835266e6
42.5,3.1860605408314276e6
66.5,5.988714993481096e6
90.5,1.3629323076923078e7
162.5,3.377099915564312e7
