time,X
219.0,1.2354953865814696e6
234.5,1.4522522467631379e6
258.5,2.142074969770254e6
330.5,2292.62394195889
354.5,1367.3076923076924
