time,X
410.5,1.3343477156057493e6
426.5,1.6999903171953254e6
522.5,1.89602955920484e7
546.5,2.9344917904903416e7
570.5,3.789472533405318e7
594.5,4.592334494773519e7
