time,X
410.5,1.1343515913757698e6
426.5,1.4562443238731218e6
522.5,1.6955585133967154e7
546.5,2.690748254086181e7
570.5,3.817547880955595e7
594.5,4.0799344127895065e7
