time,X
219.0,1.252159591054313e6
234.5,1.6707326732673268e6
258.5,2.3947412333736396e6
330.5,2407.255139056832
354.5,1403.2894736842106
