time,X
410.5,1.1045866786447638e6
426.5,1.5541700333889816e6
522.5,1.8205330164217804e7
546.5,2.9895980683506686e7
570.5,4.103596706708058e7
594.5,4.968641114982578e7
