time,X
0.0,1.0741383352534564e6
18.5,1.2846389791183295e6
42.5,2.908662451230997e6
66.5,5.7297144719687095e6
90.5,1.4062411994784877e7
162.5,4.101907683647622e7
