time,X
1058.5,1.4427246126902867e6
1074.5,1.7277649341332987e6
1098.5,2.1983084668687745e6
1170.5,1864.3624072110288
