time,X
843.0,914969.5150115474
859.0,1.1919466846249483e6
883.0,2.0618605911014234e6
907.0,4.91927708449526e6
1027.0,3.6631171003717475e7
1051.0,3.86589404553415e7
