time,X
0.0,1.0022601670506913e6
18.5,657771.2296983758
42.5,697550.9753800619
66.5,91067.32724902217
90.5,5543.389830508475
