time,X
219.0,114450.55591054312
234.5,108121.09672505713
258.5,162585.2478839178
330.5,1.9217920193470377e6
354.5,4.160933198380567e6
