time,X
0.0,875644.0092165899
18.5,653005.5684454757
42.5,621256.935288578
66.5,92958.38331160365
90.5,6878.252933507171
