time,X
1058.5,962411.8951349942
1074.5,716498.6631016043
1098.5,496278.4755305327
1170.5,2688.6068398727466
