time,X
219.0,121174.38977635781
234.5,106207.76846915462
258.5,171488.2708585248
330.5,1.898292623941959e6
354.5,4.35343572874494e6
