time,X
1058.5,874165.0580409548
1074.5,677492.402504239
1098.5,532505.5218709398
1170.5,2119.4856839872746
