time,X
0.0,1.1468765841013826e6
18.5,1.5439276102088166e6
42.5,1.9299254675097538e6
66.5,1.8636172099087355e6
90.5,164243.78096479792
