time,X
219.0,1.09756592971246e6
234.5,1.5082080731150038e6
258.5,2.0687110036275696e6
330.5,2445.46553808948
354.5,1493.2439271255062
