time,X
1058.5,1.2567995015492388e6
1074.5,1.4282663688535283e6
1098.5,1.9213158293633608e6
1170.5,2276.4846235418877
