time,X
1058.5,1.2336405764966742e6
1074.5,895888.8417894875
1098.5,684787.353832828
1170.5,1393.3655885471899
