time,X
1058.5,1.332469944766267e6
1074.5,1.6200149667405766e6
1098.5,2.145731160675617e6
1170.5,2060.611081654295
