time,X
0.0,1.066745737327189e6
18.5,1.412322041763341e6
42.5,1.7213986277411543e6
66.5,1.3244808344198177e6
90.5,209091.47327249023
