time,X
0.0,1.0380763824884793e6
18.5,1.2678491879350347e6
42.5,1.8643064711422038e6
66.5,1.5156258148631032e6
90.5,272719.94784876145
