time,X
843.0,839546.6784404294
859.0,1.1013251139660175e6
883.0,1.9075271509167843e6
907.0,4.649888838538762e6
1027.0,3.008764405204461e7
1051.0,2.9350718038528893e7
