time,X
409.0,41485.11383537653
426.5,1.0889842381786339e6
522.5,228168.1260945709
546.5,471893.169877408
570.5,596348.5113835376
594.5,2.1879310344827585e6
