time,X
1058.5,4.310453547915143e6
1074.5,1.087360643745428e7
1098.5,5.618752011704463e7
1170.5,1.369381272860278e8
