time,X
409.0,15556.917688266198
426.5,124455.34150612958
522.5,171126.0945709282
546.5,549677.758318739
570.5,601534.1506129596
594.5,826551.724137931
