time,X
409.0,15556.917688266198
426.5,155569.176882662
522.5,259281.9614711033
546.5,668947.4605954465
570.5,658576.1821366024
594.5,923793.1034482758
