time,X
0.0,3.929707705934455e6
18.5,1.3905119574844996e7
42.5,9.548429577464788e7
66.5,2.3e8
90.5,4.031670422535211e8
