time,X
1058.5,8.382640819312363e6
1074.5,1.5595610826627651e7
1098.5,1.1757357717629847e8
1170.5,4.860632040965618e7
