time,X
842.5,34747.6948868399
858.5,89351.2154233026
930.5,694953.897736798
