time,X
219.0,5.011946380697051e6
236.0,8.399487836107554e6
260.0,3.928297055057619e7
332.0,1.1334186939820743e8
356.0,1.8868117797695264e8
