time,X
200.5,787882.0375335121
217.5,286811.77976952627
241.5,240717.02944942383
313.5,235595.390524968
337.5,466069.14212548017
