time,X
0.0,4.529240035429584e6
24.0,4.146345438441098e6
48.0,7.059929577464788e6
72.0,6.058521126760563e6
144.0,8.511971830985915e6
150.5,3.758412754650133e6
