time,X
1058.5,6.95304316020483e6
1074.5,1.3147966349670812e7
1098.5,1.0955916605705926e8
1170.5,4.674351133869788e7
