time,X
200.5,1.0725361930294908e6
217.5,245838.66837387966
241.5,353393.085787452
313.5,358514.72471190785
337.5,466069.14212548017
