time,X
0.0,4.599773250664305e6
18.5,1.5703716563330382e7
42.5,7.24519014084507e7
66.5,2.4234084507042253e8
90.5,2.886059154929577e8
