time,X
219.0,7.43658981233244e6
236.0,1.5006402048655571e7
260.0,3.856594110115237e7
332.0,1.0284250960307299e8
356.0,1.3516005121638924e8
