time,X
0.0,4.483897254207263e6
24.0,4.609849424269265e6
48.0,5.808169014084507e6
72.0,6.358943661971831e6
144.0,8.71225352112676e6
150.5,4.1413073516386184e6
