time,X
200.5,879378.0160857909
217.5,466069.14212548017
241.5,169014.08450704225
313.5,317541.6133162612
337.5,460947.5032010244
