time,X
1058.5,8.425961960497439e6
1074.5,1.8151558156547185e7
1098.5,8.196359912216532e7
1170.5,4.42742062911485e7
