time,X
0.0,4.509087688219664e6
18.5,1.1537218777679363e7
42.5,7.445471830985916e7
66.5,2.169050704225352e8
90.5,3.3346901408450705e8
