time,X
0.0,4.791220549158547e6
24.0,4.821449069973428e6
48.0,6.75950704225352e6
72.0,7.210140845070422e6
144.0,6.859647887323943e6
150.5,5.033048715677591e6
