time,X
0.0,4.231992914083259e6
18.5,2.489822497785651e7
42.5,6.128619718309859e7
66.5,4.982007042253521e7
90.5,6.103584507042253e7
