time,X
842.5,29783.738474434198
858.5,34747.6948868399
930.5,1.042430846605197e6
