time,X
1058.5,3.8122604242867595e6
1074.5,1.4317637161667885e7
1098.5,4.566048280907096e7
1170.5,1.7995602048280907e8
