time,X
1058.5,4.007205559619605e6
1074.5,9.768917337234821e6
1098.5,5.306839795171909e7
1170.5,1.6799938551572788e8
