time,X
219.0,6.572461126005363e6
236.0,2.304737516005122e7
260.0,7.492957746478873e7
332.0,1.112932138284251e8
356.0,1.729065300896287e8
