time,X
0.0,5.415943312666076e6
18.5,2.5769813994685564e7
42.5,5.117197183098591e7
66.5,5.3625422535211265e7
90.5,6.253795774647887e7
