time,X
0.0,3.54177502214349e6
18.5,1.4580223206377326e7
42.5,3.8604295774647884e7
66.5,7.345330985915492e7
90.5,4.826788732394366e7
