time,X
842.5,29783.738474434198
858.5,54603.520536462696
930.5,893512.154233026
