time,X
843.0,596504.1298736585
859.0,788045.6692913387
883.0,1.5094493845364791e6
907.0,3.500498989124373e6
1027.0,4.0798271375464685e7
1051.0,4.381665701198976e7
